First_Name,Last_Name,Gender,Discipline,Event(s)/ Position ,Previous Olympic Experience,Gold Medals,Silver Medals,Bronze Medals,Height,Weight,Start of Games,Birth Date,Age (As of 2/8/18),Birthplace,Birth State,Hometown,Home_State,Most_Recent_School,Military (Rank - Branch),Twitter Handle,Kids,Foreign Languages
Stacey,Cook,F,Alpine Skiing,TBD,"2006, 2010, 2014",,,,"5'4""",160,2/8/2018,7/3/1984,33,Truckee,Calif.,Mammoth Lakes,Calif.,DeVry University,,@staceycookusa,,
Breezy,Johnson,F,Alpine Skiing,TBD,,,,,"5'8""",,2/8/2018,1/19/1996,22,Jackson,Wyo.,Jackson ,Wyo.,Western Washington University,,@_BreezyJohnson,,
Megan,McJames,F,Alpine Skiing,TBD,"2010, 2014",,,,"5'6""",135,2/8/2018,9/24/1987,30,Park City,Utah,Park City,Utah,Westminster College,,,,
Alice,McKennis,F,Alpine Skiing,TBD,2010,,,,"5'6""",158,2/8/2018,8/18/1989,28,Glenwood Springs,Colo.,New Castle,Colo.,DeVry University,,@AliceMcKennis,,
Laurenne,Ross,F,Alpine Skiing,TBD,2014,,,,"5'7""",150,2/8/2018,8/17/1988,29,Edmonton,Alberta,Bend,Ore.,University of Oregon,,@lalalalaurenne,,
Mikaela,Shiffrin,F,Alpine Skiing,"Giant Slalom, Slalom",2014,1,,,"5'7""",146,2/8/2018,3/13/1995,22,Vail,Colo.,Eagle-Vail,Colo.,Burke Mountain Academy,,@MikaelaShiffrin,,
Resi,Stiegler,F,Alpine Skiing,TBD,"2006, 2014",,,,"5'7""",135,2/8/2018,11/14/1985,32,Jackson ,Wyo.,Jackson ,Wyo.,Winter Sports School,,@resistiegler,,
Lindsey,Vonn,F,Alpine Skiing,Super-G,"2002, 2006, 2010",1,,1,"5'10""",140,2/8/2018,10/18/1984,33,Apple Valley,Minn.,Vail,Colo.,Dartmouth Colllege,,@lindseyvonn,,
Jacqueline,Wiles,F,Alpine Skiing,TBD,2014,,,,"5'7""",160,2/8/2018,7/13/1992,25,Portland,Ore.,Portland,Ore.,Westminster College,,@jankylilj,,
Bryce,Bennett,M,Alpine Skiing,Alpine Combined,,,,,"6'7""",220,2/8/2018,7/14/1992,25,Truckee,Calif.,Tahoe City,Calif.,Westminster College,,,,
Tommy,Biesemeyer,M,Alpine Skiing,Super-G,,,,,"6'0""",190,2/8/2018,1/30/1989,29,Plattsburgh,N.Y.,Keene,N.Y.,University of Vermont,,@tommybiesemeyer,,German
David,Chodounsky,M,Alpine Skiing,Slalom,2014,,,,"5'11""",185,2/8/2018,6/25/1984,33,St. Paul,Minn.,Crested Butte,Colo.,Dartmouth College,,,,Czech
Ryan,Cochran-Siegle,M,Alpine Skiing,Alpine Combined,,,,,"6'1""",200,2/8/2018,3/27/1992,25,Burlington,Va.,Starksboro,Vt.,Westminster College,,,,
Mark,Engel,M,Alpine Skiing,TBD,,,,,"5'9""",175,2/8/2018,10/1/1991,26,Folsom,Calif.,Truckee,Calif.,Unversity of Utah,,,,
Tommy,Ford,M,Alpine Skiing,TBD,2010,,,,"5'11""",165,2/8/2018,3/20/1989,28,Hanover,N.H.,Bend,Ore.,Dartmouth College,,@ibetommyford,,
Jared,Goldberg,M,Alpine Skiing,TBD,2014,,,,"6'0""",200,2/8/2018,6/17/1991,26,Boston,Mass.,Salt Lake City,Utah,Westminster College,,@Jared_Goldberg,,
Tim,Jitloff,M,Alpine Skiing,TBD,2014,,,,"5'11""",195,2/8/2018,1/11/1985,33,San Jose,Calif.,Reno,Nev.,"University of Nevada, Reno",,@T_Jit,,German
Nolan,Kasper,M,Alpine Skiing,Slalom,"2010, 2014",,,,"5'8""",180,2/8/2018,3/27/1989,28,Morristown,N.J.,Warren,Vt.,Dartmouth College,,,,
Ted,Ligety,M,Alpine Skiing,TBD,"2006, 2010, 2014",2,,,"5'11""",190,2/8/2018,8/31/1984,33,Salt Lake City,Utah,Park City,Utah,The Winter Sports School,,@tedligety,Yes,German
Wiley,Maple,M,Alpine Skiing,TBD,,,,,"6'2""",220,2/8/2018,5/25/1990,27,Minneapolis,Minn.,Aspen,Colo.,Westminster College,,,,
Steven,Nyman,M,Alpine Skiing,TBD,"2006, 2010, 2014",,,,"6'4""",220,2/8/2018,2/12/1982,36,Provo,Utah,Sundance,Utah,University of Utah,,@Steven_Nyman,Yes,
Andrew,Weibrecht,M,Alpine Skiing,Super-G,"2010, 2014",,1,1,"5'7""",190,2/8/2018,2/10/1986,32,Saranac Lake,N.Y.,Lake Placid,N.Y.,Dartmouth College,,@a_weibrecht,Yes,
Emily,Dreissigacker,F,Biathlon,TBD,,,,,"5'9""",150,2/8/2018,11/29/1988,29,Morrisville,Vt.,Morrisville,Vt.,Dartmouth College,,@dreissie,,
Susan,Dunklee,F,Biathlon,TBD,2014,,,,"5'7""",143,2/8/2018,2/13/1986,32,Newport,Vt.,Barton,Vt.,Dartmouth College,,@SusanDunklee,,German
Clare,Egan,F,Biathlon,TBD,,,,,"5'8""",125,2/8/2018,11/19/1987,30,Portland,Maine,Cape Elizabeth,Maine,University of New Hampshire,,@BiathleteEgan,,"French, German, Italian, Korean, Spanish"
Maddie,Phaneuf,F,Biathlon,TBD,,,,,"5'4""",140,2/8/2018,4/29/1995,22,Fairfax,Va.,Old Forge,N.Y.,Town of Webb School,,,,
Joanne,Reid,F,Biathlon,TBD,,,,,"5'5""",115,2/8/2018,6/28/1992,25,Madison,Wis.,Boulder,Colo.,University of Colorado Boulder,,@Jfiresteel,,
Lowell,Bailey,M,Biathlon,TBD,"2006, 2010, 2014",,,,"6'1""",170,2/8/2018,7/15/1981,36,Siler City,N.C.,Lake Placid,N.Y.,University of Vermont,,@lowellcbailey,Yes,
Tim,Burke,M,Biathlon,TBD,"2006, 2010, 2014",,,,"5'11""",160,2/8/2018,2/3/1982,36,Plattsburgh,N.Y.,Lake Placid,N.Y.,Saranac Lake,,@tb_burke,,
Russell,Currier,M,Biathlon,TBD,2014,,,,"5'6""",148,2/8/2018,6/26/1987,30,Stockholm,Maine,Stockholm,Maine,DeVry University,,@RussellCurrier,,German
Sean,Doherty,M,Biathlon,TBD,2014,,,,"6'0""",168,2/8/2018,6/8/1995,22,Center Conway,N.H.,Center Conway,N.H.,Kennett High School,,@sp_doherty,,German
Leif,Nordgren,M,Biathlon,TBD,2014,,,,"6'2""",175,2/8/2018,5/18/1989,28,Colorado Springs,Colo.,Marine ,Minn.,DeVry University,,@leifcnordgren,,
Aja,Evans,F,Bobsled,Women's Two-Man/Push,2014,,,1,"5'10""",170,2/8/2018,5/12/1988,29,Chicago,Ill.,Chicago,Ill.,Univeristy of Illinois at Urbana-Champaign,,@AjaLEvans,,
Lauren,Gibbs,F,Bobsled,Women's Two-Man/Push,,,,,"5'10""",170,2/8/2018,3/2/1984,33,Los Angeles,Calif.,Denver ,Colo.,Pepperdine University,,@lagibbs84,,
Jamie,Greubel Poser,F,Bobsled,Women's Two-Man/Pilot,2014,,,1,"5'9""",162,2/8/2018,11/9/1983,34,Princeton,N.J.,Newtown,Pa.,Lesley University,,@jamiegreubel,,German
Elana,Meyers Taylor,F,Bobsled,Women's Two-Man/Pilot,"2010, 2014",,1,1,"5'7""",175,2/8/2018,10/10/1984,33,Oceanside,Ga.,Douglasville,Ga.,DeVry University,,@eamslider24,,
Hakeem,Abdul-Saboor,M,Bobsled,"Four-Man, Two-Man/Push",,,,,"6'0""",230,2/8/2018,11/7/1987,30,Hoboken,N.J.,Powhatan,Va.,University of Virginia at Wise,,@SaboorHakeem,,
Codie,Bascue,M,Bobsled,"Four-Man, Two-Man/Pilot",,,,,"5'9""",208,2/8/2018,7/13/1994,23,Glens Falls,N.Y.,Whitehall,N.Y.,Whitehall High School,,@codiebascue13,,
Nick,Cunningham,M,Bobsled,"Four-Man, Two-Man/Pilot","2010, 2014",,,,"5'11""",210,2/8/2018,5/8/1985,32,Los Gatos,Calif.,Monterey,Calif.,Ohio University,Sergeant - Army,@Bobsledr,,
Chris,Fogt,M,Bobsled,Four-Man/Push,"2010, 2014",,,1,"6'0""",205,2/8/2018,5/29/1983,34,Orange Park,Fla.,Alpine,Utah,Utah Valley University,Captain - Army,@christopherfogt,Yes,
Chris,Kinney,M,Bobsled,Four-Man/Push,,,,,"6'2""",217,2/8/2018,11/9/1988,29,Athens,Ga.,Stockbridge,Ga.,East Tennessee State University,,@Chrisak4298,,"Japanese, Spanish"
Steven,Langton,M,Bobsled,Four-Man/Push,"2010, 2014",,,2,"6'3""",235,2/8/2018,4/15/1983,34,Boston,Mass.,Melrose,Mass.,Northeastern University,,@StevenLangton,,
Sam,McGuffie,M,Bobsled,"Four-Man, Two-Man/Push",,,,,"5'11""",210,2/8/2018,10/16/1989,28,Houston,Texas,Cypress,Texas,Rice University,,@sam_mcguffie,,
Sam,Michener,M,Bobsled,Four-Man/Push,,,,,"5'9""",207,2/8/2018,5/24/1987,30,Portland,Ore.,Gresham,Ore.,University of Idaho,,@sammichener,,
Justin,Olsen,M,Bobsled,"Four-Man, Two-Man/Pilot","2010, 2014",1,,,"6'2""",230,2/8/2018,4/16/1987,30,Lubbock,Texas,San Antonio,Texas,DeVry University,Sergeant - Army,@justinbolsen,,
Carlo,Valdes,M,Bobsled,Four-Man/Push,,,,,"6'2""",230,2/8/2018,2/11/1990,28,Newport Beach,Calif.,Newport Beach,Calif.,"University of California, Los Angeles",,@carlovaldes_usa,,
Nathan,Weber,M,Bobsled,Four-Man/Push,,,,,"6'2""",225,2/8/2018,2/1/1987,31,Bismarck,N.D.,Pueblo West,Colo.,Legacy High School,Sergeant First Class - Army,@nateweberactual,Yes,
Evan,Weinstock,M,Bobsled,"Four-Man, Two-Man/Push",,,,,"6'4""",215,2/8/2018,10/30/1991,26,Las Vegas,Nev.,Las Vegas,Nev.,Brown University,,@Evan_Weinstock,,
Sadie,Bjornsen,F,Cross-Country Skiing,TBD,2014,,,,"5'9""",145,2/8/2018,11/21/1989,28,Omak,Wash.,Winthrop,Wash.,Alaska Pacific University,,@sadzarue,,
Rosie,Brennan,F,Cross-Country Skiing,TBD,,,,,"5'6""",150,2/8/2018,12/2/1988,29,Salt Lake City,Utah,Anchorage,Alaska,Alaska Pacific University,,@rosiewbrennan,,
Sophie,Caldwell,F,Cross-Country Skiing,TBD,2014,,,,"5'7""",130,2/8/2018,3/22/1990,27,Rutland,Vt.,Peru,Vt.,Dartmouth College,,@dophed,,
Jessie,Diggins,F,Cross-Country Skiing,TBD,2014,,,,"5'4""",128,2/8/2018,8/26/1991,26,St. Paul,Minn.,Afton,Minn.,Westminster College,,@jessdiggs,,
Rosie,Frankowski,F,Cross-Country Skiing,TBD,,,,,"5'2""",112,2/8/2018,7/30/1991,26,Minneapolis,Minn.,Minneapolis,Minn.,Alaska Pacific University,,,,Spanish
Annie,Hart,F,Cross-Country Skiing,TBD,,,,,"5'7""",138,2/8/2018,8/20/1992,25,St. Paul,Minn.,Stillwater,Minn.,Dartmouth College,,@aheartmn,,
Kaitlynn,Miller,F,Cross-Country Skiing,TBD,,,,,"5'7""",130,2/8/2018,8/9/1991,26,Hillsborough,N.J.,Elmore,Vt.,Bowdoin College,,,,
Caitlin,Patterson,F,Cross-Country Skiing,TBD,,,,,"5'9""",132,2/8/2018,1/30/1990,28,McCall,Idaho,Anchorage,Alaska,University of Vermont,,,,
Kikkan,Randall,F,Cross-Country Skiing,TBD,"2002, 2006, 2010, 2014",,,,"5'5""",135,2/8/2018,12/31/1982,35,Salt Lake City,Utah,Anchorage,Alaska,Alaska Pacific University,,@kikkanimal,Yes,
Ida,Sargent,F,Cross-Country Skiing,TBD,2014,,,,"5'4""",125,2/8/2018,1/25/1988,30,Newport,Vt.,Craftsbury,Vt.,Dartmouth College,,@idasargent,,French
Liz,Stephen,F,Cross-Country Skiing,TBD,"2010, 2014",,,,"5'2""",105,2/8/2018,1/12/1987,31,East Montpelier,Vt.,East Montpelier,Vt.,Westminster College,,@lizstephen,,
Erik,Bjornsen,M,Cross-Country Skiing,TBD,2014,,,,"6'1""",175,2/8/2018,7/14/1991,26,Omak,Wash.,Winthrop,Wash.,Alaska Pacific University,,@erikbjornsen,,
Patrick,Caldwell,M,Cross-Country Skiing,TBD,,,,,"6'0""",170,2/8/2018,2/18/1994,23,Lebanon,N.H.,Lyme,N.H.,Dartmouth College,,,,
Simi,Hamilton,M,Cross-Country Skiing,TBD,"2010, 2014",,,,"5'11""",175,2/8/2018,5/14/1987,30,Aspen,Colo.,Aspen,Colo.,Middlebury College,,@simihamilton,,
Logan,Hanneman,M,Cross-Country Skiing,TBD,,,,,"6'1""",185,2/8/2018,6/2/1993,24,Fairbanks,Alaska,Fairbanks,Alaska,University of Alaska Fairbanks,,,,
Reese,Hanneman,M,Cross-Country Skiing,TBD,,,,,"5'11""",175,2/8/2018,12/25/1989,28,Fairbanks,Alaska,Fairbanks,Alaska,University of Alaska Anchorage,,@reesehanneman,,
Noah,Hoffman,M,Cross-Country Skiing,TBD,2014,,,,"5'9""",160,2/8/2018,8/1/1989,28,Denver,Colo.,Aspen,Colo.,Aspen High School,,,,
Tyler,Kornfield,M,Cross-Country Skiing,TBD,,,,,"6'2""",190,2/8/2018,2/9/1991,27,Anchorage,Alaska,Anchorage,Alaska,University of Alaska Fairbanks,,@TKxc,,
Andy,Newell,M,Cross-Country Skiing,TBD,"2006, 2010, 2014",,,,"5'10""",157,2/8/2018,11/30/1983,34,Bennington,Vt.,Shaftsbury,Vt.,Stratton Mountain School,,@andynewellskier,,
Scott,Patterson,M,Cross-Country Skiing,TBD,,,,,"5'11""",160,2/8/2018,1/28/1992,26,McCall,Idaho,Anchorage,Alaska,University of Vermont,,,,
Cory,Christensen,F,Curling,Team Roth/Fifth,,,,,"5'4""",115,2/8/2018,12/1/1994,23,Duluth,Minn.,Duluth,Minn.,University of Minnesota Duluth,,@CoryChristense4,,
Aileen,Geving,F,Curling,Team Roth/Second,,,,,"5'5""",132,2/8/2018,2/13/1987,31,Duluth,Minn.,Duluth,Minn.,University of Minnesota Duluth,,,,
Becca,Hamilton,F,Curling,"Team Roth/Lead, Mixed Doubles",,,,,"5'5""",167,2/8/2018,7/12/1990,27,Madison,Wis.,McFarland,Wis.,Edgewood College,,@heccabamilton,,
Tabitha,Peterson,F,Curling,Team Roth/Third,,,,,"5'4""",130,2/8/2018,3/6/1989,28,Burnsville,Minn.,Eagan,Minn.,University of Minnesota,,@tabcurl,,
Nina,Roth,F,Curling,Team Roth/Skip,,,,,"5'5""",143,2/8/2018,7/21/1988,29,Madison,Wis.,McFarland,Wis.,Edgewood College,,"@Spatzyc,@TeamRothUSA18",,
Tyler,George,M,Curling,Team Shuster/Third,,,,,"6'0""",170,2/8/2018,10/6/1982,35,Duluth,Minn.,Duluth,Minn.,Gustavus Adolphus College,,@tgeorge1323,,
Matt,Hamilton,M,Curling,"Team Shuster/Second, Mixed Doubles",,,,,"6'2""",215,2/8/2018,2/19/1989,28,Madison,Wis.,McFarland,Wis.,Edgewood College,,@mattjamilton,,
John,Landsteiner,M,Curling,Team Shuster/Lead,2014,,,,"5'10""",180,2/8/2018,5/19/1990,27,Mankato,Minn.,Duluth,Minn.,University of Minnesota Duluth,,@jlandsteiner,,
Joe,Polo,M,Curling,Team Shuster/Fifth,2006,,,1,"5'9""",195,2/8/2018,12/10/1982,35,Cass Lake,Minn.,Duluth,Minn.,Univeristy of North Dakota ,,@joepolo1,Yes,
John,Shuster,M,Curling,Team Shuster/Skip,"2006, 2010, 2014",,,1,"6'0""",200,2/8/2018,11/3/1982,35,Chisholm,Minn.,Chisholm,Minn.,University of Minnesota Duluth,,"@Shoostie2010,@teamshuster",Yes,
Karen,Chen,F,Figure Skating,Singles,,,,,"5'0""",105,2/8/2018,8/16/1999,18,Fremont,Calif.,Fremont,Calif.,Connections Academy,,@karebearsk8,,Mandarin 
Madison,Chock,F,Figure Skating,Ice Dance,2014,,,,"5'2""",108,2/8/2018,7/2/1992,25,Torrance,Calif.,Redondo Beach,Calif.,Schoolcraft College,,@chockolate02,,
Madison,Hubbell,F,Figure Skating,Ice Dance,,,,,"5'8""",150,2/8/2018,2/24/1991,26,Lansing,Mich.,Sylvania,Ohio,Owens Community College,,@madihubbell,,Spanish
Mirai,Nagasu,F,Figure Skating,Singles,2010,,,,"5'4""",125,2/8/2018,4/16/1993,24,Montebello,Calif.,Arcadia,Calif.,University of Colorado Colorado Springs,,@mirai_nagasu,,Japanese
Alexa,Scimeca Knierim,F,Figure Skating,Pairs,,,,,"5'2""",102,2/8/2018,6/10/1991,26,Addison,Ill.,Addison,Ill.,College of DuPage ,,"@alexa_knierim,@scimeca_knierim",,
Maia,Shibutani,F,Figure Skating,Ice Dance,2014,,,,"6'0""",160,2/8/2018,4/25/1991,26,Boston,Mass.,Ann Arbor,Mich.,University of Michigan,,"@AlexShibutani, @ShibSibs",,
Bradie,Tennell,F,Figure Skating,Singles,,,,,"5'6""",122,2/8/2018,1/31/1998,20,Winnfield,Ill.,Carpentersville,Ill.,McHenry County College,,@bradie_tennell,,
Evan,Bates,M,Figure Skating,Ice Dance,"2010, 2014",,,,"6'1""",170,2/8/2018,2/23/1989,28,Ann Arbor,Mich.,Ann Arbor,Mich.,University of Michigan ,,@evan_bates,,
Nathan,Chen,M,Figure Skating,Singles,,,,,"5'6""",135,2/8/2018,5/5/1999,18,Salt Lake City,Utah,Salt Lake City,Utah,Connections Academy,,@nathanwchen,,
Zachary,Donohue,M,Figure Skating,Ice Dance,,,,,"6'2""",197,2/8/2018,1/8/1991,27,Hartford,Conn.,Madison,Conn.,Home Schooled,,@ZachTDonohue,,"French, Japanese, Russian"
Chris,Knierim,M,Figure Skating,Pairs,,,,,"6'2""",187,2/8/2018,11/5/1987,30,Tuscon,Ariz.,San Diego ,Calif.,Pikes Peak Community College ,,"@chrisknierim,@Scimeca_Knierim",,
Adam,Rippon,M,Figure Skating,Singles,,,,,"5'7""",145,2/8/2018,11/11/1989,28,Scranton,Pa.,Los Angeles,Calif.,Abbington Hill School,,@Adaripp,,
Alex,Shibutani,M,Figure Skating,Ice Dance,2014,,,,"5'3""",112,2/8/2018,7/20/1994,23,New York,N.Y.,Ann Arbor,Mich.,University of Michigan,,"@maiashibutani, @shibsibs",,
Vincent,Zhou,M,Figure Skating,Singles,,,,,"5'7""",128,2/8/2018,10/25/2000,17,San Jose,Calif.,Palo Alto,Calif.,Connections Academy,,@govincentzhou,,Mandarin 
Maddie,Bowman,F,Freestyle Skiing,Halfpipe,2014,1,,,"5'1""",138,2/8/2018,1/10/1994,24,South Lake Tahoe,Calif.,South Lake Tahoe,Calif.,Westminster College,,@MaddieBowman,,Spanish
Ashley,Caldwell,F,Freestyle Skiing,Aerials,"2010, 2014",,,,"5'7""",135,2/8/2018,9/14/1993,24,Montgomery,Md.,Ashburn,Va.,SUNY Empire State College,,@ashleyskis,,Russian
Caroline,Claire,F,Freestyle Skiing,Slopestyle,,,,,"5'8""",155,2/8/2018,2/2/2000,18,Edina,Minn.,Manchester Center,Vt.,Stratton Mountain School,,@chrstmas_carol,,
Annalisa,Drew,F,Freestyle Skiing,Halfpipe,2014,,,,"5'4""",115,2/8/2018,5/28/1993,24,Andover,Mass.,Andover,Mass.,University of Maine,,@ANNA_DREW_,,
Tess,Johnson,F,Freestyle Skiing,Moguls,,,,,"5'4""",117,2/8/2018,6/19/2000,17,Vail,Colo.,Vail,Colo.,Vail Ski and Snowboard Academy,,,,Spanish
Jaelin,Kauf,F,Freestyle Skiing,Moguls,,,,,"5'4""",135,2/8/2018,9/26/1996,21,Vail,Colo.,Alta,Wyo.,DeVry University,,@JaeBird96,,
Devin,Logan,F,Freestyle Skiing,"Halfpipe, Slopestyle",2014,,1,,"5'9""",185,2/8/2018,2/17/1993,24,Oceanside,N.Y.,West Dover,Vt.,Westminster College,,@dlogan,,
Keaton,McCargo,F,Freestyle Skiing,Moguls,,,,,"5'6""",120,2/8/2018,7/10/1995,22,Telluride,Colo.,Telluride,Colo.,DeVry University,,@KeatonMcCargo,,
Kiley,McKinnon,F,Freestyle Skiing,Aerials,,,,,"5'9""",125,2/8/2018,9/1/1995,22,New Haven,Conn.,Madison,Conn.,Westminster College,,@Kiley_McKinnon,,
Madison,Olsen,F,Freestyle Skiing,Aerials,,,,,"5'7""",135,2/8/2018,4/7/1995,22,Salt Lake City,Utah,Park City,Utah,Westminster College,,@madisonolsen28,,
Morgan,Schild,F,Freestyle Skiing,Moguls,,,,,"5'7""",150,2/8/2018,8/25/1997,20,Rochester,N.Y.,Pittsford,N.Y.,Westminster College,,@SchildMorgan,,
Brita,Sigourney,F,Freestyle Skiing,Halfpipe,2014,,,,"5'7""",125,2/8/2018,1/17/1990,28,Monterey,Calif.,Carmel,Calif.,"University of California, Davis",,@britasig,,
Darian,Stevens,F,Freestyle Skiing,Slopestyle,,,,,"5'1""",130,2/8/2018,10/29/1996,21,Missoula,Mont.,Missoula,Mont.,Westminster College,,@StevensDarian,,Spanish
Maggie,Voisin,F,Freestyle Skiing,Slopestyle,2014,,,,"5'3""",125,2/8/2018,12/14/1998,19,Whitefish,Mont.,Whitefish,Mont.,American School,,@maggie_voisin,,
Casey,Andringa,M,Freestyle Skiing,Moguls,,,,,"5'11""",180,2/8/2018,10/6/1995,22,Milwaukee,Wis.,Boulder,Colo.,University of Colorado Boulder,,@caseyandringa6,,
Aaron,Blunck,M,Freestyle Skiing,Halfpipe,2014,,,,"6'0""",165,2/8/2018,4/12/1996,21,Englewood,Colo.,Crested Butte,Colo.,Vail Ski and Snowboard Academy,,@Aaron_Blunck,,
Mac,Bohonnon,M,Freestyle Skiing,Aerials,2014,,,,"5'8""",145,2/8/2018,3/27/1995,22,New Haven,Conn.,Madison,Conn.,University of Utah,,@macbohonnon,,
Alex,Ferreira,M,Freestyle Skiing,Halfpipe,,,,,"5'9""",140,2/8/2018,8/14/1994,23,Aspen,Colo.,Aspen,Colo.,Westminster College,,@Alex_Ferreira3,,
Nick,Goepper,M,Freestyle Skiing,Slopestyle,2014,,,1,"6'0""",162,2/8/2018,3/14/1994,23,Fort Wayne,Ind.,Lawrenceburg,Ind.,Westminster College,,@NickGoepper,,
Alex,Hall,M,Freestyle Skiing,Slopestyle,,,,,"6'4""",180,2/8/2018,9/21/1998,19,Fairbanks,Alaska,Park City,Utah,University of Utah,,,,German
Gus,Kenworthy,M,Freestyle Skiing,Slopestyle,2014,,1,,"5'10""",175,2/8/2018,10/1/1991,26,Chelmsford,England,Telluride,Colo.,New York University,,@guskenworthy,,
Jon,Lillis,M,Freestyle Skiing,Aerials,,,,,"5'6""",130,2/8/2018,8/20/1994,23,Rochester,N.Y.,Rochester,N.Y.,USSA Academy,,,,
Eric,Loughran,M,Freestyle Skiing,Aerials,,,,,"5'10""",165,2/8/2018,4/12/1995,22,Lowell,Mass.,Pelham,N.H.,USSA Academy,,@EricLoughran,,
Troy,Murphy,M,Freestyle Skiing,Moguls,,,,,"5'11""",165,2/8/2018,6/13/1992,25,Bethel,Maine,Bethel,Maine,Utah State University,,@troymurph,,
Emerson,Smith,M,Freestyle Skiing,Moguls,,,,,"6'1""",168,2/8/2018,2/13/1997,21,Buffalo,N.Y.,Dover,Vt.,Westminster College,,@ebags_world ,,
McRae,Williams,M,Freestyle Skiing,Slopestyle,,,,,"6'2""",175,2/8/2018,10/23/1990,27,Salt Lake City,Utah,Park City,Utah,Salt Lake Community College,,@McRae_Williams,,
Bradley,Wilson,M,Freestyle Skiing,Moguls,2014,,,,"5'10""",165,2/8/2018,6/5/1992,25,Butte,Mont.,Butte,Mont.,Butte Central High School,,@Wilsfreestyle,,
David,Wise,M,Freestyle Skiing,Halfpipe,2014,1,,,"6'1""",185,2/8/2018,6/30/1990,27,Reno,Nev.,Reno,Nev.,Wooster High School,,@mrDavidWise,Yes,Spanish
Torin,Yater-Wallace,M,Freestyle Skiing,Halfpipe,2014,,,,"5'9""",148,2/8/2018,12/2/1995,22,Aspen,Colo.,Basalt,Colo.,Aspen High School,,@TorinWallace,,
Cayla,Barnes,F,Ice Hockey,Defense,,,,,"5'1""",145,2/8/2018,1/7/1999,19,Eastvale,Calif.,Eastvale,Calif.,Boston College,,@cayla_barnes27,,
Kacey,Bellamy,F,Ice Hockey,Defense,"2010, 2014",,2,,"5'7""",145,2/8/2018,4/22/1987,30,Providence,R.I.,Westfield,Mass.,University of New Hampshire,,@kbells22,,
Hannah,Brandt,F,Ice Hockey,Forward,,,,,"5'6""",150,2/8/2018,11/27/1993,24,Maplewood,Minn.,Vadnais Heights,Minn.,University of Minnesota,,@hannahbrandt16,,
Dani,Cameranesi,F,Ice Hockey,Forward,,,,,"5'5""",148,2/8/2018,6/30/1995,22,Minneapolis,Minn.,Plymouth,Minn.,University of Minnesota,,@DaniCam9,,
Kendall,Coyne,F,Ice Hockey,Forward,2014,,1,,"5'2""",123,2/8/2018,5/25/1992,25,Palos Heights,Ill.,Palos Heights,Ill.,Northeastern University,,@KendallCoyne,,
Brianna,Decker,F,Ice Hockey,Forward,2014,,1,,"5'4""",150,2/8/2018,5/13/1991,26,Brookfield,Wis.,Dousman,Wis.,University of Wisconsin-Madison,,@Bdecker14,,
Meghan,Duggan,F,Ice Hockey,Forward,"2010, 2014",,2,,"5'10""",164,2/8/2018,9/3/1987,30,Beverly,Mass.,Danvers,Mass.,University of Wisconsin-Madison,,@mduggan10,,
Kali,Flanagan,F,Ice Hockey,Defense,,,,,"5'4""",142,2/8/2018,9/19/1995,22,Winchester,Mass.,Burlington,Mass.,Boston College,,@KaliFlanagan,,
Nicole,Hensley,F,Ice Hockey,Goalie,,,,,"5'7""",155,2/8/2018,6/23/1994,23,Littleton,Colo.,Lakewood,Colo.,Lindenwood University,,@NicHens29,,
Megan,Keller,F,Ice Hockey,Defense,,,,,"5'11""",160,2/8/2018,5/1/1996,21,Detroit,Mich.,Farmington,Mich.,Boston College,,@megan_keller4,,
Amanda,Kessel,F,Ice Hockey,Forward,2014,,1,,"5'5""",136,2/8/2018,8/28/1991,26,Madison,Wis.,Madison,Wis.,University of Minnesota,,@AmandaKessel8,,
Hilary,Knight,F,Ice Hockey,Forward,"2010, 2014",,2,,"5'11""",175,2/8/2018,7/12/1989,28,Palo Alto,Calif.,Sun Valley,Idaho,University of Wisconsin-Madison,,@HilaryKnight,,Swedish
Jocelyne,Lamoureux-Davidson,F,Ice Hockey,Forward,"2010, 2014",,2,,"5'6""",150,2/8/2018,7/3/1989,28,Grand Forks,N.D.,Grand Forks,N.D.,University of North Dakota,,@JocelyneUSA17,,
Monique,Lamoureux-Morando,F,Ice Hockey,Forward,"2010, 2014",,2,,"5'6""",147,2/8/2018,7/3/1989,28,Grand Forks,N.D.,Grand Forks,N.D.,University of North Dakota,,@moniquelam7,,
Gigi,Marvin,F,Ice Hockey,Forward,"2010, 2014",,2,,"5'8""",159,2/8/2018,3/7/1987,30,Bemidji,Minn.,Warroad,Minn.,University of Minnesota ,,@GigiMarvin,,French
Sidney,Morin,F,Ice Hockey,Defense,,,,,"5'5""",140,2/8/2018,6/6/1995,22,Edina,Minn.,Minnetonka,Mass.,University of Minnesota Duluth,,@sidneymorin,,
Kelly,Pannek,F,Ice Hockey,Forward,,,,,"5'8""",165,2/8/2018,12/29/1995,22,Minneapolis,Minn.,Plymouth,Minn.,University of Minnesota,,@KPan19,,
Amanda,Pelkey,F,Ice Hockey,Forward,,,,,"5'3""",135,2/8/2018,5/29/1993,24,Randolph,Vt.,Montpelier,Vt.,University of Vermont,,@Pelkey21,,
Emily,Pfalzer,F,Ice Hockey,Defense,,,,,"5'3""",125,2/8/2018,6/14/1993,24,Buffalo,N.Y.,Buffalo,N.Y.,Boston College,,@EmilyPfalzer,,
Alex,Rigsby,F,Ice Hockey,Goalie,,,,,"5'7""",150,2/8/2018,1/3/1992,26,Downers Grove,Ill.,Delafield,Wis.,University of Wisconsin-Madison,,@aRigs33,,
Maddie,Rooney,F,Ice Hockey,Goalie,,,,,"5'5""",145,2/8/2018,7/7/1997,20,Andover,Minn.,Andover,Minn.,University of Minnesota Duluth,,@maddie_rooney39,,
Haley,Skarupa,F,Ice Hockey,Forward,,,,,"5'6""",140,2/8/2018,1/3/1994,24,Washington DC,,Rockville ,Md.,Boston College,,@skrooops28,,
Lee,Stecklein,F,Ice Hockey,Defense,2014,,1,,"6'0""",175,2/8/2018,4/23/1994,23,Minneapolis,Minn.,Roseville,Minn.,University of Minnesota,,@LeeSteck2,,
Mark,Arcobello,M,Ice Hockey,Forward,,,,,"5'8""",170,2/8/2018,8/12/1988,29,Milford,Conn.,Milford,Conn.,Yale University,,@sporkabella,,
Chad,Billins,M,Ice Hockey,Defense,,,,,"5'10""",185,2/8/2018,5/26/1989,28,Port Huron,Mich.,Marysville,Mich.,Ferris State University,,@chadbillins4,,
Jonathan,Blum,M,Ice Hockey,Defense,,,,,"6'1""",195,2/8/2018,1/30/1989,29,Long Beach,Calif.,Ladera Ranch,Calif.,Trabuco Hills High School,,@JonBlum7,Yes,
Will,Borgen,M,Ice Hockey,Defense,,,,,"6'2""",195,2/8/2018,12/19/1996,21,Fargo,N.D.,Moorhead,Minn.,St. Cloud State University,,@wborgen19,,
Chris,Bourque,M,Ice Hockey,Forward,,,,,"5'8""",180,2/8/2018,1/29/1986,32,Boston,Mass.,North Reading,Mass.,Boston University,,@cbourque17,Yes,French
Bobby,Butler,M,Ice Hockey,Forward,,,,,"6'0""",189,2/8/2018,4/26/1987,30,Marlborough,Mass.,Marlborough,Mass.,University of New Hampshire,,,Yes,
Ryan,Donato,M,Ice Hockey,Forward,,,,,"6'1""",196,2/8/2018,4/9/1996,21,Boston,Mass.,Scituate,Mass.,Harvard University,,@donatoryan,,
Matt,Gilroy,M,Ice Hockey,Defense,,,,,"6'1""",200,2/8/2018,7/20/1984,33,Mineola,N.Y.,Bellmore,N.Y.,Boston University,,,,
Brian,Gionta,M,Ice Hockey,Forward,2006,,,,"5'7""",175,2/8/2018,1/18/1979,39,Rochester,N.Y.,Rochester,N.Y.,Boston College,,@giostyle21,Yes,
Jordan,Greenway,M,Ice Hockey,Forward,,,,,"6'5""",235,2/8/2018,2/16/1997,20,Canton,N.Y.,Canton,N.Y.,Boston University,,@JGreenway12,,
Ryan,Gunderson,M,Ice Hockey,Defense,,,,,"5'9""",170,2/8/2018,8/16/1985,32,Philadelphia,Pa.,Bensalem,Pa.,University of Vermont,,,,
Chad,Kolarik,M,Ice Hockey,Forward,,,,,"5'11""",185,2/8/2018,1/26/1986,32,Abington,Pa.,Abington,Pa.,University of Michigan,,@cekolarik,Yes,
David,Leggio,M,Ice Hockey,Goalie,,,,,"6'0""",185,2/8/2018,7/31/1984,33,Buffalo,N.Y.,Buffalo,N.Y.,Clarkson University,,@dleggio33,Yes,
Broc,Little,M,Ice Hockey,Forward,,,,,"5'9""",170,2/8/2018,3/24/1988,29,Phoenix,Ariz.,Rindge,N.H.,Yale University,,@BLittle14,,
Brandon,Maxwell,M,Ice Hockey,Goalie,,,,,"6'1""",196,2/8/2018,3/22/1991,26,Winter Park,Fla.,Winter Park,Fla.,Pioneer High School,,@_bm31,,
John,McCarthy,M,Ice Hockey,Forward,,,,,"6'1""",195,2/8/2018,8/9/1986,31,Boston,Mass.,Boston ,Mass.,Boston University,,,,
Brian,O'Neill,M,Ice Hockey,Forward,,,,,"5'9""",174,2/8/2018,6/1/1988,29,Philadelphia,Pa.,Yardley,Pa.,Yale University,,@brian22oneill,,
Garrett,Roe,M,Ice Hockey,Forward,,,,,"5'9""",178,2/8/2018,2/22/1988,29,Fairfax,Va.,Vienna,Va.,St. Cloud State University,,@theroeboat11 (private),,
Bobby,Sanguinetti,M,Ice Hockey,Defense,,,,,"6'2""",190,2/8/2018,2/29/1988,29,Trenton,N.J.,Wilmington,N.C.,The Lawrenceville School,,@sangs2224,Yes,
Jim,Slater,M,Ice Hockey,Forward,,,,,"6'0""",200,2/8/2018,12/9/1982,35,Petoskey,Mich.,Lapeer,Mich.,Michigan State University,,@slaterjim,Yes,
Ryan,Stoa,M,Ice Hockey,Forward,,,,,"6'3""",210,2/8/2018,4/13/1987,30,Minneapolis,Minn.,Bloomington,Minn.,University of Minnesota,,,,
Troy,Terry,M,Ice Hockey,Forward,,,,,"6'0""",179,2/8/2018,9/10/1997,20,Denver,Colo.,Highlands Ranch,Colo.,University of Denver,,@troyterry1997,,
Noah,Welch,M,Ice Hockey,Defense,,,,,"6'4""",215,2/8/2018,8/26/1982,35,Newton,Mass.,Brighton,Mass.,Harvard University,,,Yes,
James,Wisniewski,M,Ice Hockey,Defense,,,,,"6'0""",205,2/8/2018,2/21/1984,33,Farmington Hills,Mich.,Canton,Mich.,Canton High School,,@jameswisniewski,,
Ryan,Zapolski,M,Ice Hockey,Goalie,,,,,"6'0""",203,2/8/2018,11/11/1986,31,Erie,Pa.,Erie,Pa.,Mercyhurst College,,@rzapolski,,
Summer,Britcher,F,Luge,Singles,2014,,,,"5'10""",170,2/8/2018,3/21/1994,23,Baltimore,Md.,Glen Rock,Pa.,DeVry University,,@summerbritcher,,
Erin,Hamlin,F,Luge,Singles,"2006, 2010, 2014",,,1,"5'7""",156,2/8/2018,11/19/1986,31,New Hartford,N.Y.,Remsen,N.Y.,DeVry University,,@erinhamlin,,
Emily,Sweeney,F,Luge,Singles,,,,,"5'5""",148,2/8/2018,3/16/1993,24,Portland,Maine,Suffield,Maine,Suffield High School,Sergeant - Army,@ecsluge,,
Justin,Krewson,M,Luge,Doubles,,,,,"6'2""",175,2/8/2018,7/24/1996,21,Brookhaven,N.Y.,Eastport,N.Y.,Eastport South Manor High School,,,,
Chris,Mazdzer,M,Luge,Singles,"2010, 2014",,,,"6'1""",215,2/8/2018,6/26/1988,29,Pittsfield,Mass.,Saranac Lake,N.Y.,DeVry University,,@Mazdzer,,
Taylor,Morris,M,Luge,Singles,,,,,"5'11""",188,2/8/2018,6/4/1991,26,Salt Lake City,Utah,Salt Lake City ,Utah,DeVry University,Sergeant - Army,@taylormorris91 ‏,,
Matt,Mortensen,M,Luge,Doubles,2014,,,,"6'0""",192,2/8/2018,12/11/1985,32,Huntington Station,N.Y.,Huntington Station,N.Y.,DeVry University,Sergeant - Army,@MMortensenUSA,,
Andrew,Sherk,M,Luge,Doubles,,,,,"5'8""",160,2/8/2018,4/15/1992,25,Fort Washington,Pa.,Fort Washington,Pa.,Upper Dublin High School,,,,
Jayson,Terdiman,M,Luge,Doubles,2014,,,,"5'7""",160,2/8/2018,12/21/1988,29,East Stroudsburg,Pa.,Berwick,Pa.,DeVry University,,@jterdimanUSA,,
Tucker,West,M,Luge,Singles,2014,,,,"6'1""",195,2/8/2018,6/15/1995,22,Danbury,Conn.,Ridgefield,Conn.,Union College ,,@tuckerwest1,,
Ben,Berend,M,Nordic Combined,TBD,,,,,"5'9""",145,2/8/2018,6/29/1995,22,Steamboat Springs,Colo.,Steamboat Springs,Colo.,University of Utah,,@BenjaminBerend,,
Bryan,Fletcher,M,Nordic Combined,TBD,2014,,,,"5'9""",140,2/8/2018,6/27/1986,31,Steamboat Springs,Colo.,Steamboat Springs,Colo.,Westminster College,,@skifletch,Yes,
Taylor,Fletcher,M,Nordic Combined,TBD,"2010, 2014",,,,"6'0""",155,2/8/2018,5/11/1990,27,Steamboat Springs,Colo.,Steamboat Springs,Colo.,Westminster College,,@tfletchernordic,,French
Jasper,Good,M,Nordic Combined,TBD,,,,,"6'2""",163,2/8/2018,5/10/1996,21,Steamboat Springs,Colo.,Steamboat Springs,Colo.,Univeristy of Utah,,@JasperGoodNC,,
Ben,Loomis,M,Nordic Combined,TBD,,,,,"6'1""",160,2/8/2018,6/9/1998,19,Eau Claire,Wis.,Eau Claire,Wis.,University of Utah,,@LenBoomis,,
Katie,Uhlaender,F,Skeleton,Women's Individual,"2006, 2010, 2014",,,,"5'4""",147,2/8/2018,7/17/1984,33,Vail,Colo.,Breckenridge,Colo.,Colorado Mountain College,,@katieu11,,"German, Spanish"
Kendall,Wesenberg,F,Skeleton,Women's Individual,,,,,"5'8""",152,2/8/2018,8/23/1990,27,Castro Valley,Calif.,Modesto,Calif.,University of Colorado Boulder,,@kendallorraine,,
Matt,Antoine,M,Skeleton,Men's Individual,2014,,,1,"6'3""",185,2/8/2018,4/2/1985,32,Prairie du Chien,Wis.,Prairie du Chien,Wis.,California University of Pennsylvania,,@mattantoine,,
John,Daly,M,Skeleton,Men's Individual,"2010, 2014",,,,"5'9""",175,2/8/2018,6/10/1985,32,Queens,N.Y.,Smithtown,N.Y.,State University of New York at Plattsburgh,,@JOHNDALYUSA,,
Nita,Englund,F,Ski Jumping,Individual Normal Hill,,,,,"5'7""",115,2/8/2018,6/10/1992,25,Iron Mountain ,Mich.,Florence,Wis.,DeVry University,,@nitaenglund,,
Sarah,Hendrickson,F,Ski Jumping,Individual Normal Hill,2014,,,,"5'4""",103,2/8/2018,8/1/1994,23,Salt Lake City,Utah,Park City,Utah,Utah State University,,@schendrickson,,
Abby,Ringquist,F,Ski Jumping,Individual Normal Hill,,,,,"5'8""",132,2/8/2018,6/21/1989,28,Salt Lake City,Utah,Park City,Utah,Westminster College,,@abbyringquist,,Spanish
Kevin,Bickner,M,Ski Jumping,TBD,,,,,"6'0""",138,2/8/2018,9/23/1996,21,Lake Forest,Ill.,Wauconda,Ill.,DeVry University,,@KevinBickner,,
Michael,Glasder,M,Ski Jumping,TBD,,,,,"6'0""",150,2/8/2018,3/27/1989,28,Lake Forest,Ill.,Cary,Ill.,DeVry University,,@Mglasder,,
Casey,Larson,M,Ski Jumping,TBD,,,,,"5'10""",142,2/8/2018,12/16/1998,19,Barrington,Ill.,Barrington,Ill.,Barrington High School,,@casey16larson,,Spanish
Will,Rhoads,M,Ski Jumping,TBD,,,,,"6'2""",153,2/8/2018,6/8/1995,22,Concord,N.H.,Park City,Utah,DeVry University,,@Will__Rhoads,,
Jamie,Anderson,F,Snowboarding,"Slopestyle, Big Air",2014,1,,,"5'2""",133,2/8/2018,9/13/1990,27,South Lake Tahoe,Calif.,South Lake Tahoe,Calif.,Home Schooled,,@JamieAsnow,,
Kelly,Clark,F,Snowboarding,Halfpipe,"2002, 2006, 2010, 2014",1,,2,"5'4""",135,2/8/2018,7/26/1983,34,Newport,R.I.,Mammoth Lakes,Calif.,Mount Snow Academy,,@thekellyclark ‏,,
Arielle,Gold,F,Snowboarding,Halfpipe,2014,,,,"5'4""",145,2/8/2018,5/4/1996,21,Steamboat Springs,Colo.,Steamboat Springs,Colo.,University of Colorado Boulder,,@arielletgold,,Spanish
Faye,Gulini,F,Snowboarding,Snowboardcross,"2010, 2014",,,,"5'4""",123,2/8/2018,3/24/1992,25,Salt Lake City,Utah,Salt Lake City,Utah,Westminster College,,@FayeGulini,,
Lindsey,Jacobellis,F,Snowboarding,Snowboardcross,"2006, 2010, 2014",,1,,"5'7""",138,2/8/2018,8/19/1985,32,Danbury,Conn.,Roxbury,Conn.,Stratton Mountain School,,@LindsJacobellis,,
Jessika,Jenson,F,Snowboarding,"Slopestyle, Big Air",2014,,,,"5'5""",127,2/8/2018,8/7/1981,36,Idaho Falls,Idaho,Rigby,Idaho,Utah State University,,@jessika_jenson,,
Chloe,Kim,F,Snowboarding,Halfpipe,,,,,"5'3""",115,2/8/2018,4/23/2000,17,Long Beach,Calif.,Torrance,Calif.,Mammoth High School,,@chloekimsnow,,"French, Korean"
Hailey,Langland,F,Snowboarding,"Slopestyle, Big Air",,,,,"5'2""",110,2/8/2018,8/2/2000,17,Irving,Calif.,San Clemente,Calif.,Keith McCarthy Academy,,@yung_hails,,
Rosie,Mancari,F,Snowboarding,Snowboardcross,,,,,"5'8""",170,2/8/2018,1/22/1994,24,Anchorage,Alaska,Anchorage,Alaska,University of Alaska Anchorage,,,,
Julia,Marino,F,Snowboarding,"Slopestyle, Big Air",,,,,"5'5""",125,2/8/2018,9/11/1997,20,Yonkers,N.Y.,Westport,Conn.,University of Nebraska High School,,@julia_marino,,French
Maddie,Mastro,F,Snowboarding,Halfpipe,,,,,"5'4""",110,2/8/2018,2/22/2000,17,Wrightwood,Calif.,Wrightwood,Calif.,Gorman Learning Center,,@maddie_mastro,,
Meghan,Tierney,F,Snowboarding,Snowboardcross,,,,,"5'9""",130,2/8/2018,1/15/1997,21,Long Branch,N.J.,Eagle,Colo.,Westminster College,,@meghanmtierney,,
Nick,Baumgartner,M,Snowboarding,Snowboardcross,"2010, 2014",,,,"6'0""",210,2/8/2018,12/17/1981,36,Iron River,Mich.,Iron River,Mich.,West Iron County High School,,@nickbaumgartner,Yes,
Jonathan,Cheever,M,Snowboarding,Snowboardcross,,,,,"5'10""",190,2/8/2018,4/17/1985,32,Boston,Mass.,Saugus,Mass.,University of Massachusetts Lowell,,@TeamCheever,,
Chris,Corning,M,Snowboarding,"Slopestyle, Big Air",,,,,"5'8""",165,2/8/2018,9/7/1999,18,Silverthorne,Colo.,Silverthorne,Colo.,Penn Foster High School,,,,
Mick,Dierdorff,M,Snowboarding,Snowboardcross,,,,,"5'9""",185,2/8/2018,4/30/1991,26,Bellevue,Wash.,Steamboat Springs,Colo.,University of Utah,,@mickdorff,,
Ben,Ferguson,M,Snowboarding,Halfpipe,,,,,"5'9""",165,2/8/2018,1/21/1995,23,Boise,Idaho,Bend,Ore.,Mountain View High School,,@BenFerguson001,,
Red,Gerard,M,Snowboarding,"Slopestyle, Big Air",,,,,"5'5""",116,2/8/2018,6/29/2000,17,Westlake,Ohio,Silverthorne,Colo.,Penn Foster High School,,@RedmondGerard,,
Chase,Josey,M,Snowboarding,Halfpipe,,,,,"5'11""",155,2/8/2018,3/31/1995,22,Hailey,Idaho,Hailey,Idaho,Community School,,,,
Hagen,Kearney,M,Snowboarding,Snowboardcross,,,,,"6'2""",175,2/8/2018,11/6/1991,26,Buffalo,N.Y.,Norwood,Colo.,Telluride Mountain School,,@HagenKearney,,
Kyle,Mack,M,Snowboarding,"Slopestyle, Big Air",,,,,"5'11""",170,2/8/2018,7/6/1997,20,Royal Oak,Mich.,West Bloomfield,Mich.,Brother Rice High School,,@_KyleMack,,
AJ,Muss,M,Snowboarding,Parallel Giant Slalom,,,,,"6'1""",220,2/8/2018,12/15/1994,23,New Brunswick,N.J.,Rumson,N.J.,Laurel Springs Academy,,@AjMuss,,
Jake,Pates,M,Snowboarding,Halfpipe,,,,,"5'7""",150,2/8/2018,7/30/1998,19,Boulder,Colo.,Eagle,Colo.,World Academy,,@jakepates,,
Ryan,Stassel,M,Snowboarding,"Slopestyle, Big Air",2014,,,,"5'11""",170,2/8/2018,10/23/1992,25,Anchorage,Alaska,Anchorage,Alaska,Service High School,,@RyanStassel,,
Mike,Trapp,M,Snowboarding,Parallel Giant Slalom,,,,,"5'8""",145,2/8/2018,7/10/1988,29,Hyannis,Mass.,Marstons Mills,Mass.,Barnstable High School,,,,
Shaun,White,M,Snowboarding,Halfpipe,"2006, 2010, 2014",2,,,"5'9""",154,2/8/2018,9/3/1986,31,San Diego,Calif.,Carlsbad,Calif.,Carlsbad High School,,@shaunwhite,,
Heather,Bergsma,F,Long Track Speedskating,"500, 1,000, 1,500, Mass Start, Team Pursuit","2010, 2014",,,,"5'11""",160,2/8/2018,3/20/1989,28,High Point,N.C.,High Point,N.C.,High Point Central High School,,@hlynnrichardson,,
Brittany,Bowe,F,Long Track Speedskating,"500, 1,000, 1,500, Team Pursuit",2014,,,,"5'7""",140,2/8/2018,2/24/1988,29,Ocala,Fla.,Ocala,Fla.,Florida Atlantic University,,@brittanybowe,,
Erin,Jackson,F,Long Track Speedskating,500,,,,,"5'4""",,2/8/2018,9/19/1992,25,Ocala,Fla.,Ocala,Fla.,University of Florida,,@ErinJackson480,,
Mia,Manganello,F,Long Track Speedskating,"1,500, Mass Start, Team Pursuit",,,,,"5'7""",140,2/8/2018,10/27/1989,28,Fort Walton Beach,Fla.,Crestview,Fla.,Cambridge Academy,,@Minn.mango89,,
Carlijn,Schoutens,F,Long Track Speedskating,"3,000, 5,000, Team Pursuit",,,,,"5'9""",153,2/8/2018,12/12/1994,23,Trenton,N.J.,West Jordan,Utah,Vrije Universiteit Amsterdam,,@CarIijn,,"Dutch/Afrikaans, German"
Jerica,Tandiman,F,Long Track Speedskating,"1,000",,,,,"5'3""",138,2/8/2018,11/2/1994,23,West Jordan,Utah,Kearns,Utah,DeVry University,,@jLanTan,,
Shani,Davis,M,Long Track Speedskating,"1,000, 1,500","2002, 2006, 2010, 2014",2,2,,"6'2""",185,2/8/2018,8/13/1982,35,Chicago,Ill.,Chicago,Ill.,Northern Michigan University,,@shanidavis,,
Jonathan,Garcia,M,Long Track Speedskating,"500, Team Pursuit",2014,,,,"5'7""",150,2/8/2018,12/14/1986,31,Houston,Texas,Houston,Texas,Salt Lake Community College,,@jagarcia23,,
Kimani,Griffin,M,Long Track Speedskating,500,,,,,"6'1""",178,2/8/2018,7/2/1990,27,Winston Salem,N.C.,Winston Salem,N.C.,Columbus State University,,,,
Brian,Hansen,M,Long Track Speedskating,"1,500, Mass Start, Team Pursuit","2010, 2014",,1,,"6'0""",180,2/8/2018,9/3/1990,27,Evanston,Ill.,Glenview,Ill.,University of Colorado Boulder,,@BrianTHansen,,
Emery,Lehman,M,Long Track Speedskating,"5,000, Team Pursuit",2014,,,,"6'0""",183,2/8/2018,6/13/1996,21,Chicago,Ill.,Oak Park,Ill.,Marquette University,,@TheEmeryLehman,,Spanish
Joey,Mantia,M,Long Track Speedskating,"1,000, 1,500, Mass Start, Team Pursuit",2014,,,,"5'8""",170,2/8/2018,2/7/1986,32,Ocala,Fla.,Ocala,Fla.,Vanguard High School,,@jrmantia,,
Mitch,Whitmore,M,Long Track Speedskating,"500, 1,000","2010, 2014",,,,"5'10""",170,2/8/2018,12/18/1989,28,Santa Ana,Calif.,Waukesha,Wash.,University of Wisconsin-Madison,,@WhitmoreUSA,,Spanish
Maame,Biney,F,Short Track Speedskating,"500, 1,500",,,,,"5'6""",150,2/8/2018,1/28/2000,18,Accra,Ghana,Reston,Va.,South Lakes High School,,@BineyMaame,,
Lana,Gehring,F,Short Track Speedskating,"500, 1,000, 1,500",2010,,,1,"5'9""",135,2/8/2018,8/21/1990,27,Glenview,Ill.,Glenview,Ill.,Glenbrook South High School,,@LanaGehring1,,
Jessica,Kooreman,F,Short Track Speedskating,"1,000, 1,500",2014,,,,"5'0""",118,2/8/2018,10/14/1983,34,Dearborn,Mich.,Melvindale,Mich.,Ashworth College,,@TheJessicaSmith,,
J.R.,Celski,M,Short Track Speedskating,"1,000, 1,500, 5,000 Relay","2010, 2014",,1,2,"5'8""",143,2/8/2018,7/17/1990,27,Monterey,Calif.,Federal Way,Wash.,"University of California, Berkeley ",,@jrcelski,,
Thomas,Hong,M,Short Track Speedskating,"500, 5,000 Relay",,,,,"5'8""",140,2/8/2018,7/2/1997,20,Seoul,South Korea,Laurel,Md.,"University of Maryland, College Park",,,,
John-Henry,Krueger,M,Short Track Speedskating,"500, 1,000, 1,500, 5,000 Relay",,,,,"5'10""",165,2/8/2018,3/27/1995,22,Pittsburgh,Pa.,Pittsburgh,Pa.,Bridge Academy,,@Real_JohnHenry,,
Ryan,Pivirotto,M,Short Track Speedskating,"5,000 Relay",,,,,"5'5""",137,2/8/2018,5/14/1995,22,Ann Arbor,Mich.,Ann Arbor,Mich.,,,,,
Aaron,Tran,M,Short Track Speedskating,"500, 1,500, 5,000 Relay",,,,,"5'7""",160,2/8/2018,7/24/1996,21,San Francisco,Calif.,Federal Way,Wash.,Highline Community College,,@AaronVaughnTran,,
